"","Title","ratings"
"1","Super Mario 64 DS",43
"2","Lumines: Puzzle Fusion",59
"3","WarioWare Touched!",56
"4","Hot Shots Golf: Open Tee",52
"5","Spider-Man 2",74
"6","The Urbz: Sims in the City",50
"7","Ridge Racer",58
"8","Metal Gear Ac!d",80
"9","Madden NFL 2005",56
"10","Pokmon Dash",57
"11","Dynasty Warriors",51
"12","Feel the Magic XY/XX",59
"13","Ridge Racer DS",64
"14","Darkstalkers Chronicle: The Chaos Tower",53
"15","Ape Escape Academy",51
"16","Polarium",60
"17","Asphalt: Urban GT",100
"18","Zoo Keeper",63
"19","Mr. DRILLER: Drill Spirits",60
"20","Sprung",58
"21","Armored Core: Formula Front - Extreme Battle",63
"22","Puyo Pop Fever",50
"23","Mario Kart DS",66
"24","Nintendogs",39
"25","Brain Age: Train Your Brain in Minutes a Day!",61
"26","Brain Agey: More Training in Minutes a Day!",77
"27","Grand Theft Auto: Liberty City Stories",56
"28","Animal Crossing: Wild World",73
"29","Big Brain Academy",58
"30","Call of Duty 2",65
"31","Midnight Club 3: DUB Edition",68
"32","Need for Speed: Most Wanted 5-1-0",50
"33","Pokmon Mystery Dungeon: Blue Rescue Team",49
"34","Sonic Rush",65
"35","Star Wars: Battlefront II",56
"36","SOCOM: U.S. Navy SEALs - Fireteam Bravo",69
"37","Need for Speed: Most Wanted",76
"38","Zoo Tycoon DS",61
"39","The Sims 2",58
"40","Mario & Luigi: Partners in Time",55
"41","Madden NFL 06",55
"42","Need for Speed Underground: Rivals",62
"43","Twisted Metal: Head-On",52
"44","Perfect Dark Zero",59
"45","Super Monkey Ball: Touch & Roll",68
"46","Super Princess Peach",58
"47","Burnout Legends",63
"48","Madden NFL 06",76
"49","Clubhouse Games",59
"50","ATV Offroad Fury: Blazin' Trails",63
"51","Untold Legends: Brotherhood of the Blade",63
"52","Tony Hawk's Underground 2: Remix",63
"53","The Sims 2",65
"54","WipEout Pure",64
"55","NBA Live 06",62
"56","WWE Smackdown vs. Raw 2006",68
"57","Dead or Alive 4",62
"58","Phoenix Wright: Ace Attorney",54
"59","Spider-Man 2",35
"60","NFL Street 2",54
"61","Kirby: Canvas Curse",69
"62","Battlefield 2: Modern Combat",58
"63","Yoshi Touch & Go",65
"64","Tiger Woods PGA Tour 06",61
"65","Condemned: Criminal Origins",43
"66","Peter Jackson's King Kong: The Official Game of...",47
"67","Castlevania: Dawn of Sorrow",69
"68","SpongeBob SquarePants: The Yellow Avenger",55
"69","Marvel Nemesis: Rise of the Imperfects ",77
"70","Kameo: Elements of Power",77
"71","Advance Wars: Dual Strike",58
"72","Trauma Center: Under the Knife",78
"73","Coded Arms",45
"74","NBA LIVE 06 ",60
"75","Tony Hawk's American Wasteland",64
"76","Star Wars: Episode III - Revenge of the Sith",60
"77","Capcom Classics Collection Remixed",38
"78","Madagascar",48
"79","X-Men: Legends II - Rise of Apocalypse",45
"80","Quake 4",65
"81","Pokmon Trozei!",47
"82","Need for Speed: Most Wanted",37
"83","Mega Man Maverick Hunter X",76
"84","Metroid Prime Pinball",63
"85","NBA 06",60
"86","GUN ",44
"87","NBA 2K6 ",64
"88","Pinball Hall of Fame: The Gottlieb Collection",42
"89","Harry Potter and the Goblet of Fire",71
"90","Tony Hawk's American Sk8land",65
"91","MVP Baseball",67
"92","Tiger Woods PGA Tour",57
"93","World Series of Poker",54
"94","SSX on Tour",74
"95","Tiger Woods PGA Tour 06",53
"96","Death Jr.",55
"97","Harry Potter and the Goblet of Fire",48
"98","MediEvil Resurrection",54
"99","The Chronicles of Narnia: The Lion, the Witch a...",42
"100","Shrek SuperSlam",66
"101","Virtua Tennis: World Tour",57
"102","Prince of Persia: Revelations",37
"103","Burnout Legends",69
"104","Meteos",72
"105","Spyro: Shadow Legacy",55
"106","The Con",51
"107","Infected",54
"108","Pursuit Force",78
"109","Kingdom of Paradise",60
"110","Dragon Ball Z: Supersonic Warriors 2",64
"111","Dragon Quest Heroes: Rocket Slime",55
"112","Dead to Rights: Reckoning",61
"113","Amped 3",64
"114","Break 'em All",54
"115","Lunar: Dragon Song",46
"116","Madden NFL 06",72
"117","Retro Atari Classics",48
"118","True Swing Golf",57
"119","FIFA Soccer",59
"120","Metal Gear Ac!d 2",59
"121","ATV Quad Frenzy",60
"122","Bomberman",63
"123","GoldenEye: Rogue Agent",65
"124","Need for Speed Underground 2",50
"125","Frogger: Helmet Chaos",66
"126","The Lord of the Rings: Tactics",43
"127","Rengoku: The Tower of Purgatory",53
"128","Gretzky NHL",36
"129","Ridge Racer 6",46
"130","Ford Racing 3",67
"131","NHL 2K6 ",65
"132","Bust-a-Move DS",54
"133","Battles of Prince of Persia",51
"134","GripShift",61
"135","Marvel Nemesis: Rise of the Imperfects ",71
"136","Scooby-Doo! Unmasked",68
"137","Viewtiful Joe: Double Trouble!",54
"138","The Legend of Heroes: A Tear of Vermillion",49
"139","PQ: Practical Intelligence Quotient",78
"140","Lost in Blue",72
"141","Ghost in the Shell: Stand Alone Complex",78
"142","Dig Dug: Digging Strike",63
"143","Frogger: Helmet Chaos",69
"144","Mega Man Battle Network 5: Double Team DS",54
"145","Nanostray",67
"146","Sega Casino",41
"147","Teenage Mutant Ninja Turtles 3: Mutant Nightmare",38
"148","Pac-Man World 3",55
"149","Tokobot",41
"150","Fullmetal Alchemist: Dual Sympathy",58
"151","Exit",51
"152","Bubble Bobble Revolution",52
"153","The Rub Rabbits!",67
"154","Electroplankton",53
"155","LifeSigns: Surgical Unit",68
"156","Space Invaders Revolution",49
"157","Wii Play",48
"158","New Super Mario Bros.",64
"159","Pokmon Diamond",57
"160","Pokmon Pearl",70
"161","Gears of War",64
"162","The Legend of Zelda: Twilight Princess",57
"163","Cooking Mama",59
"164","Marvel Ultimate Alliance",50
"165","Daxter",65
"166","The Elder Scrolls IV: Oblivion",50
"167","Madden NFL 07",58
"168","Grand Theft Auto: Vice City Stories",65
"169","Resistance: Fall of Man",75
"170","MotorStorm",73
"171","Call of Duty 3",56
"172","Yoshi's Island DS",61
"173","Tom Clancy's Ghost Recon: Advanced Warfighter",77
"174","Fight Night Round 3",60
"175","Pokmon Ranger",63
"176","Rayman Raving Rabbids",57
"177","Saints Row",52
"178","Tom Clancy's Rainbow Six: Vegas",67
"179","Dead Rising",45
"180","Call of Duty 3",74
"181","Lost Planet: Extreme Condition",55
"182","Mario Hoops 3 on 3",66
"183","LEGO Star Wars II: The Original Trilogy",62
"184","Super Monkey Ball: Banana Blitz",54
"185","The Sims 2: Pets",54
"186","Need for Speed: Carbon - Own the City",66
"187","WarioWare: Smooth Moves",60
"188","Fight Night Round 3",66
"189","Final Fantasy III",72
"190","SOCOM: U.S. Navy SEALs - Fireteam Bravo 2",68
"191","Madden NFL 07",66
"192","Monster 4x4: World Circuit",46
"193","Kirby: Squeak Squad",55
"194","Pokmon Battle Revolution",54
"195","Medal of Honor: Heroes",56
"196","Tekken: Dark Resurrection",58
"197","Need for Speed: Carbon",77
"198","Mario vs. Donkey Kong 2: March of the Minis",52
"199","Sonic Rivals",62
"200","NCAA Football 07",69
"201","Mortal Kombat: Unchained",54
"202","Tom Clancy's Splinter Cell: Double Agent",66
"203","Tetris DS",59
"204","LEGO Star Wars II: The Original Trilogy",58
"205","Red Steel",58
"206","Metroid Prime: Hunters",55
"207","LEGO Star Wars II: The Original Trilogy",72
"208","NBA 2K7 ",51
"209","SEGA Genesis Collection",57
"210","Call of Duty 3",51
"211","NBA Live 07",43
"212","Madden NFL 07",58
"213","SpongeBob SquarePants: The Yellow Avenger",73
"214","Madden NFL 07",54
"215","Fight Night Round 3",70
"216","Need for Speed: Carbon",46
"217","Need for Speed: Carbon",70
"218","WWE SmackDown vs. Raw 2007",65
"219","Tiger Woods PGA Tour 07",46
"220","Viva Pi$?ata",54
"221","SpongeBob Squarepants: Creature from the Krusty Krab",65
"222","Tony Hawk's Project 8",79
"223","Tony Hawk's Project 8",41
"224","NBA LIVE 07 ",59
"225","Excite Truck",52
"226","Harvest Moon DS",62
"227","Star Fox Command",51
"228","Metal Gear Solid: Portable Ops",50
"229","Marvel Ultimate Alliance",55
"230","Blazing Angels: Squadrons of WWII",64
"231","Major League Baseball 2K6",62
"232","NCAA Football 07",70
"233","MLB 06: The Show",64
"234","Blazing Angels: Squadrons of WWII",61
"235","WWE SmackDown vs. Raw 2007",46
"236","Rune Factory: A Fantasy Harvest Moon",73
"237","Marvel Ultimate Alliance",54
"238","Marvel Ultimate Alliance",71
"239","Tiger Woods PGA Tour 07",41
"240","Ace Combat X: Skies of Deception",54
"241","Killzone: Liberation",63
"242","F.E.A.R.: First Encounter Assault Recon",59
"243","NBA 2K7",79
"244","Tony Hawk's Project 8",67
"245","Avatar: The Last Airbender",71
"246","Castlevania: Portrait of Ruin",71
"247","Hitman: Blood Money",72
"248","Rockstar Games presents Table Tennis",59
"249","Trauma Center: Second Opinion",75
"250","Tenchu Z",53
"251","Elite Beat Agents",47
"252","Street Fighter Alpha 3 MAX",58
"253","Blue Dragon",46
"254","The Lord of the Rings: The Battle for Middle Ea...",60
"255","Prey",69
"256","Over the Hedge",56
"257","Capcom Classics Collection Reloaded",60
"258","Pirates of the Caribbean: Dead Man's Chest",70
"259","NHL 07 ",76
"260","Monster Hunter Freedom",47
"261","Chromehounds",63
"262","Test Drive Unlimited",40
"263","Dragon Ball Z: Budokai Tenkaichi 2",60
"264","Dragon Quest Monsters: Joker",77
"265","Pirates of the Caribbean: Dead Man's Chest",53
"266","NFL Street 3",52
"267","Syphon Filter: Dark Mirror",69
"268","NBA 07",63
"269","Ridge Racer 7",53
"270","The Outfit",55
"271","Elebits",72
"272","Tony Hawk's Downhill Jam",53
"273","The Sims 2: Pets",49
"274","Tiger Woods PGA Tour 07",50
"275","Thrillville",68
"276","The Godfather: The Game",70
"277","Rampage: Total Destruction",61
"278","College Hoops 2K7",79
"279","Far Cry: Instincts - Predator",67
"280","Full Auto",35
"281","Age of Empires: The Age of Kings",65
"282","Need for Speed: Carbon - Own the City",58
"283","Brothers in Arms: D-Day",61
"284","Family Guy Video Game!",75
"285","Superman Returns",85
"286","Over G Fighters",58
"287","Final Fantasy XI Online",67
"288","Mystery Dungeon: Shiren the Wanderer",54
"289","Phoenix Wright: Ace Attorney - Justice for All",51
"290","Justice League Heroes",54
"291","Valhalla Knights",63
"292","Genji: Days of the Blade",58
"293","Top Spin 2",70
"294","Field Commander",63
"295","Children of Mana",55
"296","Valkyrie Profile: Lenneth",76
"297","Monster House",75
"298","Enchanted Arms",48
"299","NHL 07",49
"300","Bust-a-Move Deluxe",75
"301","Full Auto 2: Battlelines",82
"302","Blitz: The League",41
"303","Star Trek Legacy",70
"304","Eragon",69
"305","Master of Illusion",57
"306","Mega Man ZX",44
"307","Untold Legends: The Warrior's Code",59
"308","Super Swing Golf",52
"309","X-Men: The Official Game",63
"310","Untold Legends: Dark Kingdom",61
"311","Happy Feet",59
"312","Open Season",61
"313","Dungeon Siege: Throne of Agony",62
"314","LocoRoco",47
"315","Dead or Alive: Xtreme 2",80
"316","Fuzion Frenzy 2",64
"317","MotoGP '06",49
"318","Lumines II",54
"319","Major League Baseball 2K6",70
"320","Star Wars: Lethal Alliance",63
"321","Worms: Open Warfare",75
"322","Eragon",71
"323","Metal Slug Anthology",59
"324","Open Season",71
"325","Tom Clancy's Splinter Cell: Double Agent",66
"326","Avatar: The Last Airbender",47
"327","Lemmings",49
"328","Mega Man Powered Up",53
"329","College Hoops 2K6",69
"330","Dynasty Warriors 5: Empires",59
"331","Magical Starsign",59
"332","Resident Evil: Deadly Silence",64
"333","X-Men: The Official Game",54
"334","Cabela's African Safari",62
"335","Cabela's Alaskan Adventures",63
"336","Armored Core 4",61
"337","Eragon",54
"338","LostMagic",57
"339","Magnetica",64
"340","Def Jam Fight for NY: The Takeover",68
"341","NASCAR 07",69
"342","The Ant Bully",59
"343","Just Cause",68
"344","Onechanbara: Bikini Samurai Squad",54
"345","Phantasy Star Universe",36
"346","Project Sylpheed: Arc of Deception",52
"347","Winning Eleven: Pro Evolution Soccer 2007",71
"348","Kororinpa: Marble Mania",82
"349","Digimon World DS",74
"350","Justice League Heroes",73
"351","Innocent Life: A Futuristic Harvest Moon",71
"352","Power Stone Collection",63
"353","EA Replay",57
"354","Open Season",52
"355","Samurai Warriors 2",61
"356","Far Cry: Vengeance",59
"357","Import Tuner Challenge",66
"358","Contact",65
"359","Touch Detective",57
"360","FIFA Street 2",64
"361","007: From Russia with Love",86
"362","PaRappa the Rapper",75
"363","Riviera: The Promised Land",54
"364","Samurai Warriors: State of War",67
"365","Viewtiful Joe: Red Hot Rumble",71
"366","Ice Age 2: The Meltdown",88
"367","Rumble Roses XX",74
"368","Bionicle Heroes",39
"369","Deep Labyrinth",74
"370","Blade Dancer: Lineage of Light",59
"371","Every Extend Extra",74
"372","Ultimate Ghosts 'N' Goblins",65
"373","Xiaolin Showdown",67
"374","Bionicle Heroes",61
"375","Bullet Witch",65
"376","Death Jr. II: Root of Evil",64
"377","Alex Rider: Stormbreaker",55
"378","Cartoon Network Racing",64
"379","Guilty Gear: Dust Strikers",62
"380","Gunpey DS",60
"381","Lara Croft Tomb Raider: Legend",37
"382","Worms: Open Warfare",54
"383","Mercury Meltdown",42
"384","MTX Mototrax",65
"385","Snoopy vs. the Red Baron",62
"386","Super Monkey Ball Adventure",65
"387","Ys VI: The Ark of Napishtim",52
"388","Bomberman Land Touch!",64
"389","Point Blank DS",49
"390","Scurge: Hive",53
"391","Star Trek: Tactical Assault",54
"392","Tao's Adventure: Curse of the Demon Seal",52
"393","Ford Bold Moves Street Racing",69
"394","Gitaroo Man Lives!",51
"395","Gradius Collection",67
"396","The Legend of Heroes II: Prophecy of the Moonli...",84
"397","Pac-Man World Rally",57
"398","Bomberman: Act Zero",51
"399","Earth Defense Force 2017",53
"400","WarTech: Senko no Ronde",65
"401","MechAssault: Phantom War",58
"402","Astonishia Story",49
"403","B-Boy",54
"404","BattleZone",71
"405","Bounty Hounds",82
"406","Bubble Bobble Evolution",55
"407","MotoGP",45
"408","OutRun 2006: Coast 2 Coast",66
"409","Warhammer: Battle for Atluma",45
"410","SBK: Snowboard Kids",75
"411","Tenchu: Dark Secret",61
"412","Dungeon Maker: Hunting Ground",62
"413","Metal Gear Solid: Digital Graphic Novel",68
"414","Star Trek: Tactical Assault",63
"415","Micro Machines V4",33
"416","Platypus",53
"417","Custom Robo Arena",55
"418","Gurumin: A Monstrous Adventure",73
"419","Spider-Man 3",66
"420","Wii Fit",79
"421","Halo 3",57
"422","Call of Duty 4: Modern Warfare",61
"423","Super Mario Galaxy",75
"424","Mario Party DS",64
"425","Mario Party 8",60
"426","Guitar Hero III: Legends of Rock",56
"427","Link's Crossbow Training",65
"428","Guitar Hero III: Legends of Rock",62
"429","Assassin's Creed",67
"430","LEGO Star Wars: The Complete Saga",65
"431","Call of Duty 4: Modern Warfare",79
"432","Mario & Sonic at the Olympic Games",47
"433","LEGO Star Wars: The Complete Saga",68
"434","Forza Motorsport 2",42
"435","Madden NFL 08",50
"436","Guitar Hero II",51
"437","Rock Band",72
"438","The Legend of Zelda: Phantom Hourglass",66
"439","Pokmon Mystery Dungeon: Explorers of Darkness",61
"440","Pokmon Mystery Dungeon: Explorers of Time",46
"441","Assassin's Creed",49
"442","Uncharted: Drake's Fortune",50
"443","Mass Effect",57
"444","Cooking Mama 2: Dinner with Friends",60
"445","BioShock",40
"446","Super Paper Mario",63
"447","Game Party",44
"448","Ratchet & Clank: Size Matters",44
"449","Dance Dance Revolution Hottest Party",82
"450","Cooking Mama: Cook Off",74
"451","Gran Turismo 5: Prologue",72
"452","Professor Layton and the Curious Village",64
"453","Resident Evil 4",68
"454","The Elder Scrolls IV: Oblivion",71
"455","Transformers: Autobots",56
"456","Transformers: Decepticons",51
"457","Diddy Kong Racing DS",53
"458","Big Brain Academy: Wii Degree",54
"459","Need for Speed: ProStreet",68
"460","Deal or No Deal",70
"461","LEGO Star Wars: The Complete Saga",63
"462","Sonic and the Secret Rings",59
"463","The Orange Box",67
"464","Crackdown",49
"465","Rock Band",59
"466","Tiger Woods PGA Tour 08",48
"467","WWE Smackdown vs. Raw 2008",56
"468","Madden NFL 08",50
"469","Call of Duty 4: Modern Warfare",61
"470","MySims",72
"471","Mario Strikers Charged",60
"472","Star Wars Battlefront: Renegade Squadron",48
"473","Flash Focus: Vision Training in Minutes a Day",52
"474","Metroid Prime 3: Corruption",43
"475","Tom Clancy's Ghost Recon: Advanced Warfighter 2...",54
"476","Madden NFL 08",70
"477","Ratchet & Clank Future: Tools of Destruction",47
"478","LEGO Star Wars: The Complete Saga",78
"479","Rayman Raving Rabbids 2",60
"480","NBA 2K8 ",66
"481","Namco Museum DS",33
"482","Need for Speed: ProStreet",76
"483","Blazing Angels: Squadrons of WWII",68
"484","Drawn to Life",54
"485","EA Playground",60
"486","Major League Baseball 2K7",48
"487","Resident Evil: The Umbrella Chronicles",70
"488","NCAA Football 08",60
"489","Spectrobes",76
"490","The Sims 2: Castaway",69
"491","WWE Smackdown vs. Raw 2008",59
"492","Madden NFL 08",65
"493","NBA Live 08",59
"494","The Simpsons Game",52
"495","Ace Combat 6: Fires of Liberation",55
"496","Heavenly Sword",75
"497","Ninja Gaiden Sigma",57
"498","Ben 10: Protector of the Earth",64
"499","The Simpsons Game",37
"500","CrossworDS",57
"501","Sonic Rush Adventure",57
"502","Tiger Woods PGA Tour 08",66
"503","Tony Hawk's Proving Ground",43
"504","Call of Duty: Roads to Victory",64
"505","Transformers: The Game",50
"506","NBA 2K8",60
"507","Medal of Honor: Heroes 2",68
"508","Spider-Man 3",55
"509","Tom Clancy's Rainbow Six: Vegas",60
"510","Need for Speed: ProStreet",50
"511","NBA LIVE 08 ",58
"512","Dance Dance Revolution Universe 2",35
"513","MX vs. ATV Untamed",69
"514","Final Fantasy IV",42
"515","NBA Street Homecourt",51
"516","The Simpsons Game",43
"517","Winter Sports: The Ultimate Challenge",58
"518","WWE Smackdown vs. Raw 2008",52
"519","Tiger Woods PGA Tour 07",29
"520","Crash of the Titans",55
"521","Sonic Rivals 2",70
"522","Boogie",61
"523","Medal of Honor: Airborne",56
"524","The Sims 2: Castaway",66
"525","Spider-Man 3",60
"526","Lost Odyssey",74
"527","Bee Movie Game",70
"528","Spider-Man 3",50
"529","Final Fantasy Tactics",58
"530","Endless Ocean",65
"531","SingStar",60
"532","Ratatouille",64
"533","The Sims 2: Pets",70
"534","Two Worlds",58
"535","Crash of the Titans",43
"536","Sonic the Hedgehog",46
"537","Mega Man Star Force: Dragon",68
"538","Sonic the Hedgehog",70
"539","Harry Potter and the Order of the Phoenix",78
"540","Nicktoons: Attack of the Toybots",61
"541","WWE Smackdown vs. Raw 2008",68
"542","The Simpsons Game",45
"543","DiRT",62
"544","Kane & Lynch: Dead Men",60
"545","Jam Sessions",70
"546","Monster Hunter Freedom 2",43
"547","Shadowrun",42
"548","Thrillville: Off the Rails",71
"549","Tony Hawk's Proving Ground",67
"550","My Word Coach",61
"551","The World Ends With You",51
"552","The BIGS",44
"553","NCAA Football 08",70
"554","Final Fantasy Tactics A2: Grimoire of the Rift",55
"555","Beowulf: The Game",61
"556","The Darkness",56
"557","Tom Clancy's Ghost Recon: Advanced Warfighter 2...",57
"558","Final Fantasy",62
"559","Lair",55
"560","Transformers: The Game",54
"561","Command & Conquer 3: Tiberium Wars",61
"562","Overlord",60
"563","Diner Dash",66
"564","Medal of Honor: Heroes 2",61
"565","MX vs. ATV Untamed",72
"566","Time Crisis 4",45
"567","Dragon Ball Z: Budokai Tenkaichi 3",69
"568","Final Fantasy XII: Revenant Wings",60
"569","SOCOM: U.S. Navy SEALs - Tactical Strike",62
"570","Unreal Tournament III",60
"571","Bee Movie Game",69
"572","Def Jam: Icon",61
"573","Transformers: The Game",57
"574","TimeShift",54
"575","SSX Blur",71
"576","Bleach: The Blade of Fate",59
"577","EA Playground",57
"578","Final Fantasy II",64
"579","The Eye of Judgment",40
"580","MLB 07: The Show",68
"581","Virtua Fighter 5",71
"582","NiGHTS: Journey of Dreams",60
"583","Puzzle Quest: Challenge of the Warlords",58
"584","NBA Live 08",58
"585","Kane & Lynch: Dead Men",49
"586","Crash of the Titans",64
"587","Harry Potter and the Order of the Phoenix",65
"588","SimCity DS",62
"589","Wario: Master of Disguise",64
"590","No More Heroes",50
"591","BlackSite: Area 51",58
"592","Shrek the Third",48
"593","Shrek the Third",74
"594","Surf's Up",53
"595","MLB 07: The Show",46
"596","TMNT",70
"597","Spider-Man: Friend or Foe",75
"598","Contra 4",65
"599","Phoenix Wright: Ace Attorney - Trials and Tribu...",41
"600","Disney Pirates of the Caribbean: At World's End",58
"601","Dragon Ball Z: Shin Budokai - Another Road",57
"602","Spider-Man 3",33
"603","The Golden Compass",57
"604","Stuntman: Ignition",55
"605","Chicken Shoot",51
"606","Shrek the Third",60
"607","DK: Jungle Climber",57
"608","Dragon Quest IV: Chapters of the Chosen",65
"609","300: March to Glory",67
"610","Fire Emblem: Radiant Dawn",45
"611","The Golden Compass",71
"612","Manhunt 2",68
"613","NASCAR 08",43
"614","Virtua Tennis 3",61
"615","All-Pro Football 2K8",66
"616","Major League Baseball 2K7",51
"617","The Warriors",63
"618","Ghost Rider",56
"619","Tony Hawk's Proving Ground",78
"620","Juiced 2: Hot Import Nights",50
"621","Juiced 2: Hot Import Nights",56
"622","The Simpsons Game",64
"623","Syphon Filter: Logan's Shadow",68
"624","Tiger Woods PGA Tour 08",75
"625","Ratatouille",28
"626","Trauma Center: New Blood",63
"627","Hotel Dusk: Room 215",45
"628","Mega Man ZX Advent",62
"629","Silent Hill: 0rigins",81
"630","Harry Potter and the Order of the Phoenix",66
"631","NHL 08 ",62
"632","Castlevania: The Dracula X Chronicles",65
"633","Tony Hawk's Proving Ground",63
"634","Jeanne d'Arc",42
"635","BWii: Battalion Wars 2",58
"636","Battlestations: Midway",69
"637","Dragon Ball Z: Harukanaru Densetsu",66
"638","Touch the Dead",59
"639","The Darkness",71
"640","Donkey Kong Barrel Blast",60
"641","The BIGS",48
"642","Armored Core 4",75
"643","Etrian Odyssey",65
"644","Ben 10: Protector of the Earth",54
"645","Tom Clancy's Splinter Cell: Double Agent",38
"646","Looney Tunes: Acme Arsenal",83
"647","Zack & Wiki: Quest for Barbaros' Treasure",53
"648","Monster Jam",69
"649","Virtua Fighter 5",73
"650","Lunar Knights",62
"651","Enchanted Arms",79
"652","F.E.A.R.: First Encounter Assault Recon",50
"653","Folklore",51
"654","Juiced 2: Hot Import Nights",62
"655","The Elder Scrolls IV: Shivering Isles",59
"656","NHL 08",67
"657","NCAA 07 March Madness",54
"658","Rayman Raving Rabbids",61
"659","Viva Pi$?ata: Party Animals",74
"660","Warriors Orochi",62
"661","Luminous Arc",59
"662","Picross DS",51
"663","Harry Potter and the Order of the Phoenix",58
"664","College Hoops 2K7",50
"665","The BIGS",74
"666","Stuntman: Ignition",59
"667","Mortal Kombat: Armageddon",53
"668","Def Jam: Icon",71
"669","Soulcalibur Legends",74
"670","Surf's Up",59
"671","Planet Puzzle League",63
"672","DiRT",49
"673","TMNT",55
"674","Soldier of Fortune: Payback",80
"675","Dynasty Warriors: Gundam",67
"676","Disney Pirates of the Caribbean: At World's End",58
"677","Bee Movie Game",53
"678","Dynasty Warriors: Gundam",57
"679","Golden Axe",60
"680","Dementium: The Ward",51
"681","Rondo of Swords",56
"682","Disgaea: Afternoon of Darkness",58
"683","NASCAR 08",44
"684","Dragon Quest Swords: The Masked Queen and the T...",49
"685","Call of Juarez",89
"686","College Hoops 2K8",71
"687","Eternal Sonata",61
"688","Kingdom Under Fire: Circle of Doom",43
"689","Vampire Rain",59
"690","All-Pro Football 2K8",80
"691","Mercury Meltdown",72
"692","Conan",56
"693","Godzilla: Unleashed",61
"694","NBA Live 08",62
"695","Conan",70
"696","Spider-Man: Friend or Foe",36
"697","College Hoops 2K8",68
"698","NBA 08",73
"699","Thrillville: Off the Rails",61
"700","Geometry Wars: Galaxies",68
"701","Rayman Raving Rabbids",65
"702","WordJong",45
"703","Warhammer 40,000: Squad Command",76
"704","Beowulf: The Game",70
"705","The Golden Compass",60
"706","Scarface: The World is Yours",59
"707","Hot Wheels: Beat That!",49
"708","NHL 2K8 ",61
"709","NBA Street Homecourt",63
"710","Geometry Wars: Galaxies",68
"711","Final Fantasy: Crystal Chronicles - Echoes of Time",56
"712","Godzilla Unleashed: Double Smash",62
"713","MX vs. ATV Untamed",50
"714","WWE SmackDown vs. Raw 2008",59
"715","The BIGS",70
"716","Brave Story: New Traveler",53
"717","WipEout Pulse",81
"718","TimeShift",81
"719","Star Trek: Conquest",65
"720","Beautiful Katamari",54
"721","Hour of Victory",70
"722","Fantastic Four: Rise of the Silver Surfer",79
"723","SEGA Rally Revo",64
"724","7 Wonders of the Ancient World",72
"725","Draglade",75
"726","Final Fantasy Fables: Chocobo Tales",64
"727","Marvel Trading Card Game",67
"728","Crazy Taxi: Fare Wars",60
"729","The Golden Compass",66
"730","Harry Potter and the Order of the Phoenix",67
"731","Bladestorm: The Hundred Years' War",53
"732","Surf's Up",60
"733","Blazing Angels 2: Secret Missions of WWII",71
"734","InuYasha: Secret of the Divine Jewel",59
"735","The Settlers",63
"736","Shrek the Third",48
"737","Ratatouille",71
"738","Soldier of Fortune: Payback",55
"739","Heatseeker",62
"740","NHL 2K8",69
"741","NCAA March Madness 08",77
"742","Fantastic Four: Rise of the Silver Surfer",52
"743","Monster Madness: Battle for Suburbia",61
"744","Pro Evolution Soccer 2008",58
"745","Blazing Angels 2: Secret Missions of WWII",53
"746","Cake Mania",45
"747","River King: Mystic Valley",76
"748","Touch Detective 2 1/2",51
"749","7 Wonders of the Ancient World",60
"750","Brooktown High",75
"751","Crush",66
"752","Jackass: The Game",52
"753","The Sims 2: Castaway",47
"754","Test Drive Unlimited",63
"755","Thrillville: Off the Rails",72
"756","Victorious Boxers: Revolution",62
"757","Bladestorm: The Hundred Years' War",68
"758","Looney Tunes: Acme Arsenal",78
"759","SEGA Rally Revo",54
"760","Death Jr. and the Science Fair of Doom",47
"761","Indianapolis 500 Legends",61
"762","Worms: Open Warfare 2",57
"763","Alien Syndrome",67
"764","BlackSite: Area 51",64
"765","Code Lyoko: Quest for Infinity",49
"766","Super Swing Golf Season 2",68
"767","FlatOut: Ultimate Carnage",80
"768","Zoids Assault",55
"769","Alien Syndrome",61
"770","Tetris Evolution",61
"771","Heroes of Mana",65
"772","Myst",46
"773","Coded Arms: Contagion",64
"774","King of Clubs",70
"775","F.E.A.R. Files",57
"776","Ontamarama",50
"777","Retro Game Challenge",54
"778","Ultimate Mortal Kombat 3",53
"779","Warhammer 40,000: Squad Command",61
"780","Juiced 2: Hot Import Nights",67
"781","Pursuit Force: Extreme Justice",40
"782","Medal of Honor: Vanguard",75
"783","World Series of Poker 2008: Battle for the Brac...",56
"784","Pro Evolution Soccer 2008",72
"785","Worms: Open Warfare 2",56
"786","Surf's Up",70
"787","Fantastic Four: Rise of the Silver Surfer",52
"788","Brothers in Arms DS",71
"789","Bubble Bobble Double Shot",71
"790","Fantastic Four: Rise of the Silver Surfer",65
"791","Zendoku",46
"792","Heatseeker",42
"793","Manhunt 2",68
"794","SWAT: Target Liberty",70
"795","Anubis II",75
"796","Barnyard",60
"797","Escape from Bug Island",65
"798","Octomania",71
"799","Cabela's Big Game Hunter",64
"800","UEFA Champions League 2006-2007",47
"801","Aliens Vs Predator: Requiem",60
"802","NBA 08",62
"803","Guilty Gear XX ? Core",51
"804","Arkanoid DS",68
"805","Code Lyoko",61
"806","Dynasty Warriors DS: Fighter's Battle",63
"807","Orcs & Elves",65
"808","Prism: Light the Way",69
"809","Dead Head Fred",44
"810","Hot Pixel",54
"811","The Legend of Heroes III: Song of the Ocean",69
"812","SEGA Rally Revo",49
"813","Bionicle Heroes",67
"814","Burnout Dominator",46
"815","Samurai Warriors 2: Empires",83
"816","Meteos: Disney Magic",51
"817","Turn It Around",69
"818","Cube",57
"819","Dragoneer's Aria",59
"820","The Fast and the Furious",59
"821","R-Type Command",74
"822","Virtua Tennis 3",58
"823","Virtua Tennis 3",71
"824","Front Mission",58
"825","Lost in Blue 2",57
"826","Nervous Brickdown",58
"827","Sea Monsters: A Prehistoric Adventure",59
"828","After Burner: Black Falcon",51
"829","Capcom Puzzle World",59
"830","Puzzle Quest: Challenge of the Warlords",73
"831","Smash Court Tennis 3",72
"832","UEFA Champions League 2006-2007",46
"833","Driver: Parallel Lines",67
"834","Mario Kart Wii",64
"835","Grand Theft Auto IV",45
"836","Super Smash Bros.: Brawl",66
"837","Call of Duty: World at War",60
"838","Grand Theft Auto IV",67
"839","Gears of War 2",61
"840","Pokmon: Platinum Version",44
"841","Metal Gear Solid 4: Guns of the Patriots",59
"842","Fable II",54
"843","Call of Duty: World at War",58
"844","Guitar Hero: World Tour",69
"845","LittleBigPlanet",72
"846","Fallout 3",61
"847","LEGO Indiana Jones: The Original Adventures",46
"848","Left 4 Dead",71
"849","Madden NFL 09",67
"850","Guitar Hero: On Tour",42
"851","Kung Fu Panda",69
"852","Rock Band 2",68
"853","Sega Superstars Tennis",63
"854","Guitar Hero: World Tour",72
"855","Animal Crossing: City Folk",59
"856","Mario & Sonic at the Olympic Games",75
"857","Madden NFL 09",58
"858","LEGO Batman: The Videogame",52
"859","Tom Clancy's Rainbow Six: Vegas 2",67
"860","Kirby Super Star Ultra",58
"861","Star Wars: The Force Unleashed",70
"862","God of War: Chains of Olympus",44
"863","Fallout 3",70
"864","Pure",64
"865","LEGO Indiana Jones: The Original Adventures",57
"866","Rock Band",70
"867","LEGO Batman: The Videogame",73
"868","Saints Row 2",61
"869","LEGO Batman: The Videogame",53
"870","Call of Duty: World at War",60
"871","Midnight Club: Los Angeles",57
"872","Mortal Kombat vs. DC Universe",49
"873","Army of Two",66
"874","Resistance 2",71
"875","Rock Band 2",53
"876","Midnight Club: Los Angeles",52
"877","Sonic Unleashed",55
"878","NBA 2K9 ",65
"879","Guitar Hero: World Tour",66
"880","Guitar Hero: Aerosmith",70
"881","Star Wars: The Force Unleashed",68
"882","Burnout Paradise",63
"883","Pokmon Ranger: Shadows of Almia",62
"884","Mortal Kombat vs. DC Universe",41
"885","Dead Space",67
"886","Shaun White Snowboarding: Road Trip",69
"887","Star Wars: The Force Unleashed",52
"888","Guitar Hero: Aerosmith",55
"889","SOCOM: U.S. Navy SEALs - Confrontation",47
"890","SoulCalibur IV",71
"891","Battlefield: Bad Company",58
"892","Saints Row 2",87
"893","Guitar Hero: On Tour - Decades",61
"894","Devil May Cry 4",48
"895","Mystery Case Files: MillionHeir",59
"896","Battlefield: Bad Company",43
"897","Army of Two",60
"898","Rayman Raving Rabbids TV Party",60
"899","The House of the Dead 2 & 3 Return",56
"900","Far Cry 2",68
"901","Boom Blox",57
"902","Spore Creatures",60
"903","Madden NFL 09",60
"904","NCAA Football 09",78
"905","MLB 08: The Show",62
"906","Tom Clancy's Rainbow Six: Vegas 2",74
"907","Mercenaries 2: World in Flames",70
"908","Need for Speed: Undercover",38
"909","Guitar Hero: Aerosmith",53
"910","SoulCalibur IV",70
"911","Valkyria Chronicles",60
"912","Harvest Moon: Tree of Tranquility",71
"913","Star Wars: The Clone Wars - Jedi Alliance",52
"914","Need for Speed: Undercover",74
"915","Wario Land: Shake It!",58
"916","NBA 2K9",45
"917","Major League Baseball 2K9",64
"918","NCAA Football 09",80
"919","Kung Fu Panda",57
"920","Devil May Cry 4",53
"921","Tom Clancy's EndWar",70
"922","LEGO Batman: The Videogame",71
"923","BioShock",56
"924","Bully: Scholarship Edition",62
"925","Prince of Persia",58
"926","Kung Fu Panda",44
"927","Sonic Chronicles: The Dark Brotherhood",60
"928","Chrono Trigger",54
"929","Tomb Raider: Underworld",58
"930","skate it",70
"931","The Legendary Starfy",46
"932","Mirror's Edge",52
"933","Haze",73
"934","Dissidia: Final Fantasy",63
"935","Sid Meier's Civilization: Revolution",65
"936","Wall-E",63
"937","Prince of Persia",53
"938","NHL 09 ",67
"939","Brothers in Arms: Hell's Highway",80
"940","Shaun White Snowboarding",54
"941","Turok",78
"942","Iron Man",60
"943","De Blob",81
"944","Sonic Riders: Zero Gravity",63
"945","Rhythm Heaven",52
"946","Tomb Raider: Underworld",61
"947","Advance Wars: Days of Ruin",80
"948","LEGO Batman: The Videogame",69
"949","Far Cry 2",60
"950","Harvest Moon: Island of Happiness",58
"951","Brothers in Arms: Hell's Highway",52
"952","Sonic Unleashed",74
"953","Pinball Hall of Fame: The Williams Collection",49
"954","Sonic Unleashed",50
"955","Samba de Amigo",53
"956","?kami",56
"957","LEGO Indiana Jones: The Original Adventures",68
"958","MotorStorm: Pacific Rift",49
"959","Tiger Woods PGA Tour 09",59
"960","SimCity Creator",63
"961","Tiger Woods PGA Tour 09",75
"962","Sid Meier's Civilization: Revolution",65
"963","Pure",47
"964","Turok",69
"965","Crash: Mind over Mutant",59
"966","Spider-Man: Web of Shadows",62
"967","Frontlines: Fuel of War",53
"968","GRID",65
"969","Too Human",67
"970","Speed Racer: The Videogame",50
"971","LEGO Indiana Jones: The Original Adventures",55
"972","SEGA Bass Fishing",62
"973","The Chronicles of Narnia: Prince Caspian",84
"974","Iron Man",67
"975","The Sims 2: Apartment Pets",61
"976","MLB 08: The Show",63
"977","Iron Man",70
"978","Madagascar: Escape 2 Africa",72
"979","GRID",67
"980","NHL 09",52
"981","Banjo-Kazooie: Nuts & Bolts",55
"982","Hot Shots Golf: Out of Bounds",79
"983","Rune Factory 2: A Fantasy Harvest Moon",47
"984","SimCity Creator",56
"985","Patapon",60
"986","Shaun White Snowboarding",57
"987","Iron Man",67
"988","Sega Superstars Tennis",58
"989","Lost Planet: Extreme Condition",66
"990","Mirror's Edge",59
"991","The Incredible Hulk",60
"992","Condemned 2: Bloodshot",73
"993","Sega Superstars Tennis",46
"994","Speed Racer: The Videogame",48
"995","Viva Pi$?ata: Pocket Paradise",65
"996","Tom Clancy's EndWar",52
"997","Iron Man",64
"998","Need for Speed: Undercover",55
"999","Wall-E",51
"1000","Spectrobes: Beyond the Portals",62
"1001","MX vs. ATV Untamed",65
"1002","Mercenaries 2: World in Flames",61
"1003","Infinite Undiscovery",71
"1004","TNA iMPACT!",63
"1005","Enemy Territory: Quake Wars",62
"1006","Fire Emblem: Shadow Dragon",60
"1007","Neopets Puzzle Adventure",64
"1008","Tales of Vesperia",64
"1009","SingStar ABBA",57
"1010","Dragon Ball Z: Burst Limit",54
"1011","Apollo Justice: Ace Attorney",63
"1012","Castlevania: Order of Ecclesia",61
"1013","Mega Man Star Force 2: Zerker X Ninja",52
"1014","Enemy Territory: Quake Wars",81
"1015","Namco Museum: Virtual Arcade",63
"1016","NASCAR 09",67
"1017","Turning Point: Fall of Liberty",70
"1018","Summer Athletics 2009",40
"1019","Unreal Tournament III",49
"1020","Shaun White Snowboarding",62
"1021","Dark Sector",52
"1022","The Last Remnant",47
"1023","Dragon Ball Z: Burst Limit",48
"1024","NASCAR 09",64
"1025","Turning Point: Fall of Liberty",85
"1026","MX vs. ATV Untamed",50
"1027","Crash: Mind over Mutant",62
"1028","The Incredible Hulk",63
"1029","Silent Hill: Homecoming",49
"1030","TNA iMPACT!",76
"1031","The Incredible Hulk",71
"1032","Kung Fu Panda",72
"1033","Dark Sector",72
"1034","Tales of Symphonia: Dawn of the New World",68
"1035","Valkyrie Profile: Covenant of the Plume",73
"1036","Spider-Man: Web of Shadows",54
"1037","TV Show King",66
"1038","AC/DC Live: Rock Band - Track Pack",69
"1039","The Chronicles of Narnia: Prince Caspian",45
"1040","Hot Shots Golf: Open Tee 2",47
"1041","AC/DC Live: Rock Band - Track Pack",60
"1042","Harvest Moon: Magical Melody",55
"1043","Dynasty Warriors 6",52
"1044","Order Up!",70
"1045","NBA Ballers: Chosen One",62
"1046","Age of Empires: Mythologies",61
"1047","LocoRoco 2",60
"1048","Star Ocean: First Departure",45
"1049","Lost: Via Domus",58
"1050","Tetris Party",62
"1051","Bully: Scholarship Edition",60
"1052","The Spiderwick Chronicles",66
"1053","Dynasty Warriors 6",48
"1054","Facebreaker",66
"1055","Ninja Gaiden: Dragon Sword",72
"1056","Condemned 2: Bloodshot",56
"1057","Silent Hill: Homecoming",43
"1058","Command & Conquer: Red Alert 3",69
"1059","Viking: Battle for Asgard",67
"1060","Beijing 2008",48
"1061","Don King Presents: Prizefighter",77
"1062","Bomberman",40
"1063","Ferrari Challenge Trofeo Pirelli",93
"1064","Command & Conquer 3: Kane's Wrath",63
"1065","Lost: Via Domus",77
"1066","NHL 2K9 ",52
"1067","Eternal Sonata",67
"1068","Viva Pi$?ata: Trouble in Paradise",48
"1069","FlatOut: Head On",58
"1070","Viking: Battle for Asgard",57
"1071","Neopets Puzzle Adventure",56
"1072","TNA iMPACT!",54
"1073","Tomb Raider: Underworld",66
"1074","The Club",55
"1075","The Chronicles of Narnia: Prince Caspian",55
"1076","Cabela's Dangerous Hunts 2009",66
"1077","Dark Messiah of Might and Magic: Elements",59
"1078","Fracture",60
"1079","Bomberman Land",57
"1080","Nitrobike",50
"1081","Culdcept Saga",49
"1082","Facebreaker",63
"1083","MLB Power Pros 2008",49
"1084","Mushroom Men: The Spore Wars",51
"1085","Dragon Quest V: Hand of the Heavenly Bride",54
"1086","Ninjatown",62
"1087","Super Dodgeball Brawlers",70
"1088","Dokapon Kingdom",49
"1089","Alone in the Dark",55
"1090","NBA 09: The Inside",60
"1091","Sega Superstars Tennis",60
"1092","Baja: Edge of Control",56
"1093","Destroy All Humans! Big Willy Unleashed",68
"1094","Space Invaders Extreme",50
"1095","Ultimate Band",58
"1096","The Club",59
"1097","Madagascar: Escape 2 Africa",56
"1098","NBA Ballers: Chosen One",59
"1099","Dream Pinball 3D",49
"1100","Madagascar: Escape 2 Africa",52
"1101","Pro Evolution Soccer 2008",50
"1102","Avalon Code",79
"1103","Disgaea DS",65
"1104","Guitar Rock Tour",56
"1105","Lost in Blue 3",53
"1106","Syberia",58
"1107","Afrika",69
"1108","NFL Head Coach 09",78
"1109","NHL 2K9",55
"1110","Brothers in Arms: Double Time",62
"1111","ObsCure: The Aftermath",55
"1112","MotoGP 08",60
"1113","NFL Head Coach 09",58
"1114","NFL Tour",65
"1115","Pinball Hall of Fame: The Williams Collection",61
"1116","Baja: Edge of Control",56
"1117","NFL Tour",44
"1118","Wall-E",69
"1119","Ninja Reflex",64
"1120","Conflict: Denied Ops",72
"1121","Top Spin 3",73
"1122","Blitz: The League II",52
"1123","Hellboy: The Science of Evil",59
"1124","Castlevania Judgment",52
"1125","Death Jr. II: Root of Evil",58
"1126","Raiden IV",56
"1127","Metal Slug 7",67
"1128","Spider-Man: Web of Shadows",52
"1129","Trauma Center: Under The Knife 2",67
"1130","Fracture",44
"1131","Alone in the Dark",52
"1132","Final Fantasy Fables: Chocobo's Dungeon",55
"1133","The King of Fighters Collection: The Orochi Saga",61
"1134","Klonoa: Door to Phantomile",68
"1135","Samurai Warriors: Katana",61
"1136","Battle of the Bands",41
"1137","Hellboy: The Science of Evil",69
"1138","Dragon Ball: Origins",57
"1139","Ninja Reflex",55
"1140","Space Bust-A-Move",37
"1141","Top Spin 3",49
"1142","UEFA Euro 2008",74
"1143","Blast Works: Build, Trade, Destroy",51
"1144","FIFA Street 3",68
"1145","Blitz: The League II",54
"1146","Space Chimps",55
"1147","The Spiderwick Chronicles",56
"1148","Etrian Odyssey II: Heroes of Lagaard",69
"1149","Line Rider 2: Unbound",57
"1150","The King of Fighters Collection: The Orochi Saga",80
"1151","Target: Terror",67
"1152","Legendary",52
"1153","Universe at War: Earth Assault",64
"1154","Smash Court Tennis 3",72
"1155","Code Lyoko: Fall of X.A.N.A",57
"1156","Knights in the Nightmare",50
"1157","Lock's Quest",54
"1158","Master of the Monster Lair",52
"1159","N+",58
"1160","Pipe Mania",70
"1161","The Spiderwick Chronicles",57
"1162","Summon Night: Twin Age",67
"1163","Wild Arms XF",79
"1164","FIFA Street 3",76
"1165","MotoGP 08",50
"1166","Harvey Birdman: Attorney at Law",69
"1167","Let's Tap",51
"1168","NHL 2K9",59
"1169","Conflict: Denied Ops",60
"1170","Worms: A Space Oddity",58
"1171","UEFA Euro 2008",58
"1172","Overlord: Raising Hell",65
"1173","Battle Fantasia",65
"1174","Bangai-O Spirits",57
"1175","Dungeon Explorer: Warriors of Ancient Arts",52
"1176","From the Abyss",64
"1177","New International Track & Field",50
"1178","Soul Bubbles",46
"1179","Tropix!",59
"1180","Unsolved Crimes",67
"1181","Zubo",67
"1182","Ford Racing Off Road",69
"1183","Harvey Birdman: Attorney at Law",64
"1184","Secret Agent Clank",74
"1185","Space Invaders Extreme",56
"1186","Armored Core: For Answer",54
"1187","Legendary",66
"1188","Agatha Christie: Evil Under the Sun",66
"1189","Agatha Christie: And Then There Were None",45
"1190","Armored Core: For Answer",53
"1191","Cradle of Rome",58
"1192","The Dark Spire",57
"1193","Flower, Sun and Rain",55
"1194","Insecticide",64
"1195","Izuna 2: The Unemployed Ninja Returns",57
"1196","Looney Tunes: Cartoon Conductor",59
"1197","Nanostray 2",64
"1198","Hellboy: The Science of Evil",55
"1199","Pipe Mania",65
"1200","UEFA Euro 2008",56
"1201","Vampire Rain",78
"1202","Baroque",61
"1203","Supreme Commander",54
"1204","Hail to the Chimp",55
"1205","Assassin's Creed: Altar's Chronicles",72
"1206","The Legend of Kage 2",70
"1207","Rhapsody: A Musical Adventure",68
"1208","Secret Files: Tunguska",47
"1209","Fading Shadows",62
"1210","Hail to the Chimp",41
"1211","Secret Files: Tunguska",67
"1212","Chicken Hunter",61
